Artist,Track,Views
Macklemore & Ryan Lewis,Can't Hold Us (feat. Ray Dalton),1012205556.0
Macklemore & Ryan Lewis,Thrift Shop (feat. Wanz),1012205556.0
Macklemore & Ryan Lewis,"Downtown (feat. Melle Mel, Grandmaster Caz, Kool Moe Dee & Eric Nally)",1012205556.0
Macklemore & Ryan Lewis,White Walls (feat. ScHoolboy Q & Hollis),1012205556.0
Macklemore & Ryan Lewis,Same Love (feat. Mary Lambert),1012205556.0
Macklemore & Ryan Lewis,Wing$,1012205556.0
Macklemore & Ryan Lewis,Growing Up (feat. Ed Sheeran),1012205556.0
Macklemore & Ryan Lewis,Dance Off (feat. Idris Elba & Anderson .Paak),1012205556.0
Macklemore & Ryan Lewis,Otherside (feat. Fences) [Ryan Lewis Remix],1012205556.0
Macklemore & Ryan Lewis,Irish Celebration,1012205556.0
